"toia_id","video_language","interactor_language","rating","similarity_score"
"5","en-US","ar-AE","4","0.68149"
"5","en-US","ar-AE","3","0.710761"
"5","en-US","ar-AE","3","0.77519"
"5","en-US","ar-AE","1","0.565169"
"5","en-US","ar-AE","3","0.727062"
"5","en-US","ar-AE","1","0.645878"
"5","en-US","ar-AE","1","0.399887"
"5","en-US","ar-AE","3","0.78106"
"5","en-US","ar-AE","2","0.596485"
"5","en-US","ar-AE","4","0.546394"
"5","en-US","ar-AE","4","0.665159"
"5","en-US","ar-AE","5","0.567959"
"5","en-US","ar-AE","1","0.37904"
"5","en-US","ar-AE","1","0.580664"
"5","en-US","ar-AE","1","0.566482"
"5","en-US","ar-AE","3","0.566357"
"5","en-US","ar-AE","4","0.609317"
"5","en-US","ar-AE","3","0.646798"
"5","en-US","ar-AE","3","0.50803"
"5","en-US","ar-AE","2","0.478239"
"5","en-US","ar-AE","3","0.658185"
"5","en-US","ar-AE","1","0.540462"
"5","en-US","ar-AE","3","0.755845"
"5","en-US","ar-AE","1","0.432887"
"5","en-US","ar-AE","1","0.578319"
"5","en-US","ar-AE","2","0.60188"
"5","en-US","ar-AE","1","0.508267"
"5","en-US","ar-AE","3","0.676451"
"5","en-US","ar-AE","2","0.527198"
"5","en-US","ar-AE","1","0.645316"
"5","en-US","ar-AE","2","0.578924"
"5","en-US","ar-AE","3","0.661928"
"5","en-US","ar-AE","2","0.608739"
"5","en-US","ar-AE","1","0.41158"
"5","en-US","ar-AE","3","0.617379"
"5","en-US","ar-AE","2","0.51742"
"5","en-US","ar-AE","5","0.689535"
"5","en-US","ar-AE","5","0.567959"
"5","en-US","ar-AE","4","0.702722"
"5","en-US","ar-AE","2","0.600292"
"5","en-US","ar-AE","3","0.388258"
"5","en-US","ar-AE","2","0.586987"
"5","en-US","ar-AE","1","0.37904"
"5","en-US","ar-AE","3","0.684931"
"5","en-US","ar-AE","3","0.720114"
"5","en-US","ar-AE","5","0.567959"
"5","en-US","ar-AE","3","0.645459"
"5","en-US","ar-AE","3","0.522517"
"5","en-US","ar-AE","3","0.497237"
"5","en-US","ar-AE","1","0.645316"
"5","en-US","ar-AE","3","0.565942"
"5","en-US","ar-AE","1","0.378404"
"5","en-US","ar-AE","3","0.481669"
"5","en-US","ar-AE","1","0.387243"
"5","en-US","ar-AE","3","0.550099"
"5","en-US","ar-AE","3","0.508577"
"5","en-US","ar-AE","2","0.554748"
"5","en-US","ar-AE","5","0.391376"
"5","en-US","ar-AE","5","0.58333"
"5","en-US","ar-AE","3","0.348078"
"5","en-US","ar-AE","1","0.364593"
"5","en-US","ar-AE","1","0.663614"
"5","en-US","ar-AE","3","0.77519"
"5","en-US","ar-AE","1","0.356869"
"5","en-US","ar-AE","3","0.541796"
"5","en-US","ar-AE","1","0.554632"
"5","en-US","ar-AE","1","0.42199"
"5","en-US","ar-AE","1","0.378404"
"5","en-US","ar-AE","3","0.586206"
"5","en-US","ar-AE","1","0.494333"
"5","en-US","ar-AE","1","0.448886"
"5","en-US","ar-AE","1","0.387243"
"5","en-US","ar-AE","2","0.645878"
"5","en-US","ar-AE","4","0.547055"
"5","en-US","ar-AE","3","0.811985"
"5","en-US","ar-AE","2","0.570666"
"5","en-US","ar-AE","1","0.581591"
"5","en-US","ar-AE","2","0.513935"
"5","en-US","ar-AE","1","0.372411"
"5","en-US","ar-AE","1","0.565169"
"5","en-US","en-US","2","0.458626"
"5","en-US","en-US","1","0.619312"
"5","en-US","en-US","2","0.657788"
"5","en-US","en-US","3","0.618404"
"5","en-US","en-US","3","0.718148"
"5","en-US","en-US","1","0.517698"
"5","en-US","en-US","2","0.709596"
"5","en-US","en-US","5","0.569147"
"5","en-US","en-US","1","0.47895"
"5","en-US","en-US","2","0.669354"
"5","en-US","en-US","1","0.516221"
"5","en-US","en-US","4","0.676206"
"5","en-US","en-US","4","0.586355"
"5","en-US","en-US","5","0.409903"
"5","en-US","en-US","4","0.814617"
"5","en-US","en-US","4","0.709439"
"5","en-US","en-US","4","0.498539"
"5","en-US","en-US","4","0.680371"
"5","en-US","en-US","2","0.598804"
"5","en-US","en-US","4","0.58874"
"5","en-US","en-US","4","0.599017"
"5","en-US","en-US","4","0.784236"
"5","en-US","en-US","2","0.442639"
"5","en-US","en-US","1","0.513752"
"5","en-US","en-US","1","0.392248"
"5","en-US","en-US","5","0.419438"
"5","en-US","en-US","5","0.635219"
"5","en-US","en-US","3","0.397787"
"5","en-US","en-US","1","0.392248"
"5","en-US","en-US","4","0.34634"
"5","en-US","en-US","2","0.419755"
"5","en-US","en-US","1","0.571542"
"5","en-US","en-US","1","0.466268"
"5","en-US","en-US","2","0.64268"
"5","en-US","en-US","4","0.634222"
"5","en-US","en-US","2","0.545804"
"5","en-US","en-US","2","0.663024"
"5","en-US","en-US","1","0.402227"
"5","en-US","en-US","2","0.665508"
"5","en-US","en-US","1","0.644446"
"5","en-US","en-US","1","0.663329"
"5","en-US","en-US","2","0.487266"
"5","en-US","en-US","1","0.591321"
"5","en-US","en-US","2","0.499426"
"5","en-US","en-US","4","0.574086"
"5","en-US","en-US","2","0.586682"
"5","en-US","en-US","2","0.358581"
"5","en-US","en-US","2","0.343266"
"5","en-US","en-US","2","0.528363"
"5","en-US","en-US","2","0.517698"
"5","en-US","en-US","1","0.432639"
"5","en-US","en-US","1","0.39254"
"5","en-US","en-US","5","0.513752"
"5","en-US","en-US","5","0.635219"
"5","en-US","en-US","1","0.607011"
"5","en-US","en-US","5","0.635219"
"5","en-US","en-US","1","0.517698"
"5","en-US","en-US","4","0.737944"
"5","en-US","en-US","1","0.498484"
"5","en-US","en-US","4","0.816068"
"5","en-US","en-US","1","0.355455"
"5","en-US","en-US","4","0.711072"
"5","en-US","en-US","1","0.476108"
"5","en-US","en-US","4","0.512568"
"5","en-US","en-US","1","0.330594"
"5","en-US","en-US","1","0.392248"
"5","en-US","en-US","4","0.613488"
"5","en-US","en-US","2","0.684218"
"5","en-US","en-US","1","0.48835"
"5","en-US","en-US","1","0.417916"
"5","en-US","en-US","2","0.611158"
"5","en-US","en-US","2","0.615726"
"5","en-US","en-US","1","0.513753"
"5","en-US","en-US","2","0.72244"
"5","en-US","en-US","1","0.501305"
"6","en-US","en-US","2","0.380301"
"6","en-US","en-US","3","0.449808"
"6","en-US","en-US","4","0.444408"
"6","en-US","en-US","1","0.395089"
"6","en-US","en-US","2","0.422647"
"6","en-US","en-US","4","0.529269"
"6","en-US","en-US","2","0.495777"
"6","en-US","en-US","4","0.4915"
"6","en-US","en-US","4","0.4915"
"6","en-US","en-US","3","0.488376"
"6","en-US","en-US","5","0.388743"
"6","en-US","en-US","1","0.518591"
"6","en-US","en-US","2","0.421528"
"6","en-US","en-US","3","0.554492"
"6","en-US","en-US","5","0.433805"
"6","en-US","en-US","2","0.482714"
"6","en-US","en-US","5","0.678421"
"6","en-US","en-US","2","0.408937"
"6","en-US","en-US","3","0.554956"
"6","en-US","en-US","1","0.490948"
"6","en-US","en-US","1","0.437637"
"6","en-US","en-US","4","0.629515"
"6","en-US","en-US","3","0.567629"
"6","en-US","en-US","3","0.559156"
"6","en-US","en-US","5","0.64769"
"6","en-US","en-US","5","0.623503"
"6","en-US","en-US","5","0.646142"
"6","en-US","en-US","1","0.408937"
"6","en-US","en-US","3","0.444295"
"6","en-US","en-US","5","0.518591"
"6","en-US","en-US","3","0.514242"
"6","en-US","en-US","4","0.418006"
"6","en-US","en-US","1","0.404069"
"6","en-US","en-US","1","0.433563"
"6","en-US","en-US","1","0.582017"
"6","en-US","en-US","1","0.316124"
"6","en-US","en-US","3","0.565359"
"6","en-US","en-US","1","0.724942"
"6","en-US","en-US","1","0.483449"
"6","en-US","en-US","2","0.42296"
"6","en-US","en-US","2","0.543216"
"6","en-US","en-US","1","0.512211"
"6","en-US","en-US","3","0.434692"
"6","en-US","en-US","1","0.437233"
"6","en-US","en-US","2","0.482828"
"6","en-US","en-US","1","0.529558"
"6","en-US","en-US","5","0.417344"
"6","en-US","en-US","5","0.646142"
"6","en-US","en-US","1","0.626405"
"6","en-US","en-US","3","0.372052"
"6","en-US","en-US","3","0.499213"
"6","en-US","en-US","2","0.448656"
"6","en-US","en-US","5","0.511623"
"6","en-US","en-US","5","0.690729"
"6","en-US","en-US","4","0.529166"
"6","en-US","en-US","4","0.700955"
"6","en-US","en-US","2","0.44161"
"6","en-US","en-US","4","0.645784"
"6","en-US","en-US","3","0.481347"
"6","en-US","en-US","3","0.392703"
"6","en-US","en-US","3","0.637808"
"6","en-US","en-US","3","0.596484"
"6","en-US","en-US","3","0.39771"
"6","en-US","en-US","5","0.629596"
"6","en-US","en-US","3","0.529558"
"6","en-US","en-US","5","0.507911"
"6","en-US","en-US","1","0.422647"
"6","en-US","en-US","4","0.585587"
"6","en-US","en-US","1","0.408937"
"6","en-US","en-US","5","0.417314"
"6","en-US","en-US","5","0.609157"
"6","en-US","en-US","1","0.474514"
"6","en-US","en-US","2","0.571168"
"6","en-US","en-US","1","0.412648"
"6","en-US","en-US","2","0.625631"
"6","en-US","en-US","1","0.427352"
"6","en-US","en-US","5","0.729288"
"6","en-US","en-US","5","0.629574"
"6","en-US","en-US","3","0.480855"
"6","en-US","en-US","3","0.627406"
"6","en-US","en-US","4","0.378309"
"6","en-US","en-US","4","0.376133"
"6","en-US","en-US","1","0.466552"
"6","en-US","en-US","2","0.291617"
"6","en-US","en-US","2","0.448656"
"6","en-US","en-US","3","0.477042"
"6","en-US","en-US","3","0.34745"
"6","en-US","en-US","1","0.404069"
"6","en-US","en-US","2","0.59028"
"6","en-US","en-US","4","0.539737"
"6","en-US","en-US","1","0.438469"
"6","en-US","en-US","1","0.611433"
"6","en-US","en-US","1","0.447928"
"6","en-US","en-US","4","0.499342"
"6","en-US","en-US","5","0.744918"
"6","en-US","en-US","1","0.571804"
"6","en-US","en-US","1","0.560446"
"6","en-US","en-US","5","0.530319"
"6","en-US","en-US","1","0.347821"
"6","en-US","en-US","1","0.626981"
"6","en-US","en-US","5","0.710691"
"6","en-US","en-US","5","0.625907"
"6","en-US","en-US","2","0.575158"
"6","en-US","es-ES","2","0.518333"
"6","en-US","es-ES","3","0.587053"
"6","en-US","es-ES","5","0.528204"
"6","en-US","es-ES","4","0.361519"
"6","en-US","es-ES","5","0.682609"
"6","en-US","es-ES","1","0.493124"
"6","en-US","es-ES","5","0.590863"
"6","en-US","es-ES","4","0.577571"
"6","en-US","es-ES","3","0.375352"
"6","en-US","es-ES","1","0.444915"
"6","en-US","es-ES","5","0.714904"
"6","en-US","es-ES","4","0.535069"
"6","en-US","es-ES","5","0.624542"
"6","en-US","es-ES","5","0.532925"
"6","en-US","es-ES","2","0.502018"
"6","en-US","es-ES","3","0.463553"
"6","en-US","es-ES","3","0.573496"
"6","en-US","es-ES","3","0.554747"
"6","en-US","es-ES","2","0.467629"
"6","en-US","es-ES","3","0.6281"
"6","en-US","es-ES","2","0.495241"
"6","en-US","es-ES","2","0.639796"
"6","en-US","es-ES","5","0.562358"
"6","en-US","es-ES","4","0.552663"
"6","en-US","es-ES","3","0.452086"
"6","en-US","es-ES","5","0.497876"
"6","en-US","es-ES","5","0.553879"
"6","en-US","es-ES","3","0.467704"
"6","en-US","es-ES","2","0.591845"
"6","en-US","es-ES","3","0.596954"
"6","en-US","es-ES","2","0.592348"
"6","en-US","es-ES","2","0.51507"
"6","en-US","es-ES","2","0.673737"
"6","en-US","es-ES","2","0.68411"
"6","en-US","es-ES","2","0.708709"
"6","en-US","es-ES","2","0.541411"
"6","en-US","es-ES","2","0.357363"
"6","en-US","es-ES","2","0.410576"
"6","en-US","es-ES","2","0.566164"
"6","en-US","es-ES","5","0.41219"
"6","en-US","es-ES","5","0.70803"
"6","en-US","es-ES","5","0.563768"
"6","en-US","es-ES","5","0.327371"
"6","en-US","es-ES","5","0.480934"
"6","en-US","es-ES","5","0.608733"
"6","en-US","es-ES","2","0.55221"
"6","en-US","es-ES","3","0.535657"
"6","en-US","es-ES","5","0.553879"
"6","en-US","es-ES","3","0.501208"
"6","en-US","es-ES","1","0.533135"
"6","en-US","es-ES","5","0.706946"
"6","en-US","es-ES","1","0.567937"
"6","en-US","es-ES","5","0.589704"
"6","en-US","es-ES","4","0.430162"
"6","en-US","es-ES","2","0.416542"
"6","en-US","es-ES","4","0.537917"
"6","en-US","es-ES","2","0.467686"
"6","en-US","es-ES","1","0.418126"
"6","en-US","es-ES","2","0.504856"
"6","en-US","es-ES","4","0.507824"
"6","en-US","es-ES","1","0.388847"
"6","en-US","es-ES","2","0.445342"
"6","en-US","es-ES","3","0.434413"
"6","en-US","es-ES","5","0.549992"
"6","en-US","es-ES","2","0.485881"
"6","en-US","es-ES","1","0.445342"
"6","en-US","es-ES","5","0.608733"
"6","en-US","es-ES","2","0.321215"
"6","en-US","es-ES","1","0.557878"
"6","en-US","es-ES","2","0.535435"
"6","en-US","es-ES","5","0.630987"
"6","en-US","es-ES","2","0.507128"
"6","en-US","es-ES","3","0.519784"
"6","en-US","es-ES","2","0.487929"
"6","en-US","es-ES","4","0.463464"
"6","en-US","es-ES","2","0.368021"
"6","en-US","es-ES","2","0.534864"
"6","en-US","es-ES","2","0.532226"
"6","en-US","es-ES","3","0.499293"
"6","en-US","es-ES","2","0.55221"
"6","en-US","es-ES","4","0.44101"
"6","en-US","es-ES","4","0.56582"
"6","en-US","es-ES","4","0.484715"
"6","en-US","es-ES","4","0.486558"
"6","en-US","es-ES","4","0.490347"
"6","en-US","es-ES","4","0.653832"
"6","en-US","es-ES","4","0.481211"
"6","en-US","es-ES","4","0.45172"
"6","en-US","es-ES","2","0.537976"
"6","en-US","es-ES","4","0.604755"
"6","en-US","es-ES","4","0.629426"
"6","en-US","es-ES","3","0.492826"
"6","en-US","es-ES","4","0.620053"
"6","en-US","es-ES","3","0.416588"
"6","en-US","es-ES","5","0.480934"
"6","en-US","es-ES","2","0.68212"
"6","en-US","es-ES","5","0.716159"
"6","en-US","es-ES","4","0.562358"
"6","en-US","es-ES","1","0.553879"
"6","en-US","es-ES","4","0.490576"
"6","en-US","es-ES","5","0.669822"
"7","es-ES","en-US","5","0.685766"
"7","es-ES","en-US","1","0.645197"
"7","es-ES","en-US","5","0.728621"
"7","es-ES","en-US","1","0.400478"
"7","es-ES","en-US","5","0.752704"
"7","es-ES","en-US","5","0.548562"
"7","es-ES","en-US","2","0.501558"
"7","es-ES","en-US","3","0.506886"
"7","es-ES","en-US","1","0.491943"
"7","es-ES","en-US","1","0.461808"
"7","es-ES","en-US","1","0.624198"
"7","es-ES","en-US","4","0.584497"
"7","es-ES","en-US","5","0.733259"
"7","es-ES","en-US","2","0.645315"
"7","es-ES","en-US","1","0.454082"
"7","es-ES","en-US","1","0.507111"
"7","es-ES","en-US","2","0.652137"
"7","es-ES","en-US","1","0.478859"
"7","es-ES","en-US","3","0.443196"
"7","es-ES","en-US","4","0.526063"
"7","es-ES","en-US","2","0.485004"
"7","es-ES","en-US","5","0.517489"
"7","es-ES","en-US","5","0.516688"
"7","es-ES","en-US","5","0.379735"
"7","es-ES","en-US","5","0.400841"
"7","es-ES","en-US","3","0.648681"
"7","es-ES","en-US","5","0.32538"
"7","es-ES","en-US","5","0.570318"
"7","es-ES","en-US","5","0.688333"
"7","es-ES","en-US","2","0.624757"
"7","es-ES","en-US","1","0.483662"
"7","es-ES","en-US","1","0.472423"
"7","es-ES","en-US","2","0.592524"
"7","es-ES","en-US","3","0.537544"
"7","es-ES","en-US","5","0.604996"
"7","es-ES","en-US","5","0.470058"
"7","es-ES","en-US","1","0.480208"
"7","es-ES","en-US","4","0.598483"
"7","es-ES","en-US","1","0.455852"
"7","es-ES","en-US","5","0.544657"
"7","es-ES","en-US","1","0.604149"
"7","es-ES","en-US","2","0.694574"
"7","es-ES","en-US","2","0.533837"
"7","es-ES","en-US","2","0.743717"
"7","es-ES","en-US","4","0.571856"
"7","es-ES","en-US","4","0.669379"
"7","es-ES","en-US","5","0.42275"
"7","es-ES","en-US","3","0.700783"
"7","es-ES","en-US","2","0.467736"
"7","es-ES","en-US","2","0.444537"
"7","es-ES","en-US","2","0.485004"
"7","es-ES","en-US","2","0.630437"
"7","es-ES","en-US","3","0.399818"
"7","es-ES","en-US","2","0.532427"
"7","es-ES","en-US","2","0.721613"
"7","es-ES","en-US","2","0.444952"
"7","es-ES","en-US","5","0.450142"
"7","es-ES","en-US","3","0.560495"
"7","es-ES","en-US","1","0.457369"
"7","es-ES","en-US","1","0.64524"
"7","es-ES","en-US","1","0.336516"
"7","es-ES","en-US","1","0.74205"
"7","es-ES","en-US","3","0.584979"
"7","es-ES","en-US","1","0.510234"
"7","es-ES","en-US","5","0.432615"
"7","es-ES","en-US","1","0.569974"
"7","es-ES","en-US","2","0.60179"
"7","es-ES","en-US","5","0.614136"
"7","es-ES","en-US","2","0.512434"
"7","es-ES","en-US","1","0.570318"
"7","es-ES","en-US","5","0.415467"
"7","es-ES","en-US","3","0.403634"
"7","es-ES","en-US","5","0.757747"
"7","es-ES","en-US","1","0.478859"
"7","es-ES","en-US","3","0.563056"
"7","es-ES","en-US","4","0.484867"
"7","es-ES","en-US","5","0.757747"
"7","es-ES","en-US","5","0.688886"
"7","es-ES","en-US","5","0.694368"
"7","es-ES","en-US","3","0.596817"
"7","es-ES","en-US","5","0.572422"
"7","es-ES","en-US","4","0.610121"
"7","es-ES","en-US","1","0.478859"
"7","es-ES","en-US","1","0.6678"
"7","es-ES","en-US","1","0.480208"
"7","es-ES","en-US","1","0.533156"
"7","es-ES","en-US","3","0.644469"
"7","es-ES","en-US","1","0.480208"
"7","es-ES","en-US","3","0.560326"
"7","es-ES","en-US","3","0.480035"
"7","es-ES","en-US","3","0.554425"
"7","es-ES","en-US","5","0.791518"
"7","es-ES","en-US","4","0.437132"
"7","es-ES","en-US","1","0.480208"
"7","es-ES","en-US","2","0.470313"
"7","es-ES","en-US","3","0.619637"
"7","es-ES","en-US","2","0.455852"
"7","es-ES","en-US","4","0.553925"
"7","es-ES","en-US","4","0.530423"
"7","es-ES","en-US","1","0.614136"
"7","es-ES","en-US","2","0.419239"
"7","es-ES","en-US","3","0.567288"
"7","es-ES","es-ES","4","0.449073"
"7","es-ES","es-ES","4","0.651932"
"7","es-ES","es-ES","4","0.569576"
"7","es-ES","es-ES","1","0.512318"
"7","es-ES","es-ES","5","0.54797"
"7","es-ES","es-ES","4","0.752257"
"7","es-ES","es-ES","4","0.564382"
"7","es-ES","es-ES","3","0.622336"
"7","es-ES","es-ES","4","0.651932"
"7","es-ES","es-ES","1","0.648114"
"7","es-ES","es-ES","4","0.594951"
"7","es-ES","es-ES","5","0.58326"
"7","es-ES","es-ES","4","0.704093"
"7","es-ES","es-ES","3","0.591429"
"7","es-ES","es-ES","1","0.422233"
"7","es-ES","es-ES","3","0.514061"
"7","es-ES","es-ES","2","0.642119"
"7","es-ES","es-ES","5","0.646051"
"7","es-ES","es-ES","1","0.676405"
"7","es-ES","es-ES","5","0.841102"
"7","es-ES","es-ES","1","0.547319"
"7","es-ES","es-ES","4","0.584145"
"7","es-ES","es-ES","1","0.684334"
"7","es-ES","es-ES","3","0.492101"
"7","es-ES","es-ES","3","0.637947"
"7","es-ES","es-ES","3","0.572753"
"7","es-ES","es-ES","5","0.62592"
"7","es-ES","es-ES","2","0.529289"
"7","es-ES","es-ES","2","0.781143"
"7","es-ES","es-ES","5","0.541263"
"7","es-ES","es-ES","4","0.561532"
"7","es-ES","es-ES","4","0.66102"
"7","es-ES","es-ES","4","0.570278"
"7","es-ES","es-ES","2","0.689131"
"7","es-ES","es-ES","4","0.737503"
"7","es-ES","es-ES","4","0.576959"
"7","es-ES","es-ES","3","0.579516"
"7","es-ES","es-ES","5","0.709615"
"7","es-ES","es-ES","5","0.562074"
"7","es-ES","es-ES","3","0.496501"
"7","es-ES","es-ES","4","0.552702"
"7","es-ES","es-ES","4","0.628913"
"7","es-ES","es-ES","2","0.59302"
"7","es-ES","es-ES","4","0.565846"
"7","es-ES","es-ES","3","0.654676"
"7","es-ES","es-ES","3","0.471925"
"7","es-ES","es-ES","5","0.67412"
"7","es-ES","es-ES","2","0.452462"
"7","es-ES","es-ES","2","0.518884"
"7","es-ES","es-ES","2","0.619719"
"7","es-ES","es-ES","2","0.504497"
"7","es-ES","es-ES","2","0.614064"
"7","es-ES","es-ES","2","0.588911"
"7","es-ES","es-ES","3","0.534518"
"7","es-ES","es-ES","3","0.59561"
"7","es-ES","es-ES","5","0.570278"
"7","es-ES","es-ES","3","0.706983"
"7","es-ES","es-ES","3","0.640738"
"7","es-ES","es-ES","3","0.376703"
"7","es-ES","es-ES","5","0.761671"
"7","es-ES","es-ES","4","0.524816"
"7","es-ES","es-ES","2","0.610738"
"7","es-ES","es-ES","2","0.547319"
"7","es-ES","es-ES","2","0.545916"
"7","es-ES","es-ES","3","0.675645"
"7","es-ES","es-ES","3","0.489012"
"7","es-ES","es-ES","3","0.657638"
"7","es-ES","es-ES","5","0.815245"
"7","es-ES","es-ES","5","0.684334"
"7","es-ES","es-ES","3","0.524579"
"7","es-ES","es-ES","5","0.66102"
"7","es-ES","es-ES","5","0.76621"
"7","es-ES","es-ES","5","0.672385"
"7","es-ES","es-ES","5","0.752257"
"7","es-ES","es-ES","2","0.530452"
"7","es-ES","es-ES","5","0.6022"
"7","es-ES","es-ES","3","0.499228"
"7","es-ES","es-ES","3","0.584225"
"7","es-ES","es-ES","5","0.758323"
"7","es-ES","es-ES","2","0.540254"
"7","es-ES","es-ES","5","0.654908"
"7","es-ES","es-ES","5","0.718786"
"7","es-ES","es-ES","5","0.809614"
"7","es-ES","es-ES","3","0.733148"
"7","es-ES","es-ES","3","0.685028"
"7","es-ES","es-ES","2","0.693588"
"7","es-ES","es-ES","3","0.556061"
"7","es-ES","es-ES","3","0.456822"
"7","es-ES","es-ES","4","0.615227"
"7","es-ES","es-ES","4","0.440511"
"7","es-ES","es-ES","2","0.572001"
"7","es-ES","es-ES","5","0.841102"
"7","es-ES","es-ES","5","0.684334"
"7","es-ES","es-ES","2","0.518817"
"7","es-ES","es-ES","2","0.624688"
"7","es-ES","es-ES","2","0.758988"
"7","es-ES","es-ES","2","0.664119"
"7","es-ES","es-ES","3","0.741393"
"7","es-ES","es-ES","3","0.524915"
"7","es-ES","es-ES","3","0.752589"
"7","es-ES","es-ES","3","0.751762"
"7","es-ES","es-ES","2","0.664915"
"8","ar-AE","ar-AE","5","0.567319"
"8","ar-AE","ar-AE","3","0.692939"
"8","ar-AE","ar-AE","5","0.848628"
"8","ar-AE","ar-AE","5","0.435539"
"8","ar-AE","ar-AE","3","0.615543"
"8","ar-AE","ar-AE","5","0.853138"
"8","ar-AE","ar-AE","3","0.632031"
"8","ar-AE","ar-AE","1","0.457758"
"8","ar-AE","ar-AE","3","0.566494"
"8","ar-AE","ar-AE","1","0.573878"
"8","ar-AE","ar-AE","2","0.612877"
"8","ar-AE","ar-AE","1","0.553795"
"8","ar-AE","ar-AE","1","0.640594"
"8","ar-AE","ar-AE","2","0.721218"
"8","ar-AE","ar-AE","1","0.472353"
"8","ar-AE","ar-AE","3","0.712819"
"8","ar-AE","ar-AE","2","0.50202"
"8","ar-AE","ar-AE","4","0.450257"
"8","ar-AE","ar-AE","4","0.575765"
"8","ar-AE","ar-AE","3","0.556673"
"8","ar-AE","ar-AE","4","0.718188"
"8","ar-AE","ar-AE","1","0.568533"
"8","ar-AE","ar-AE","1","0.619091"
"8","ar-AE","ar-AE","1","0.613744"
"8","ar-AE","ar-AE","3","0.430875"
"8","ar-AE","ar-AE","3","0.76091"
"8","ar-AE","ar-AE","1","0.568533"
"8","ar-AE","ar-AE","4","0.611299"
"8","ar-AE","ar-AE","4","0.71538"
"8","ar-AE","ar-AE","4","0.757431"
"8","ar-AE","ar-AE","4","0.705859"
"8","ar-AE","ar-AE","1","0.529088"
"8","ar-AE","ar-AE","5","0.848823"
"8","ar-AE","ar-AE","1","0.575355"
"8","ar-AE","ar-AE","5","0.686423"
"8","ar-AE","ar-AE","2","0.506702"
"8","ar-AE","ar-AE","2","0.613744"
"8","ar-AE","ar-AE","1","0.614453"
"8","ar-AE","ar-AE","2","0.66385"
"8","ar-AE","ar-AE","1","0.556573"
"8","ar-AE","ar-AE","3","0.635651"
"8","ar-AE","ar-AE","3","0.582919"
"8","ar-AE","ar-AE","3","0.605032"
"8","ar-AE","ar-AE","1","0.460896"
"8","ar-AE","ar-AE","5","0.848823"
"8","ar-AE","ar-AE","1","0.456367"
"8","ar-AE","ar-AE","3","0.358836"
"8","ar-AE","ar-AE","1","0.604561"
"8","ar-AE","ar-AE","1","0.636605"
"8","ar-AE","ar-AE","4","0.515457"
"8","ar-AE","ar-AE","1","0.50463"
"8","ar-AE","ar-AE","1","0.653654"
"8","ar-AE","ar-AE","1","0.419313"
"8","ar-AE","ar-AE","1","0.548961"
"8","ar-AE","ar-AE","1","0.451654"
"8","ar-AE","ar-AE","1","0.626726"
"8","ar-AE","ar-AE","3","0.701909"
"8","ar-AE","ar-AE","3","0.848628"
"8","ar-AE","ar-AE","3","0.770173"
"8","ar-AE","ar-AE","3","0.567366"
"8","ar-AE","ar-AE","3","0.641093"
"8","ar-AE","ar-AE","1","0.681282"
"8","ar-AE","ar-AE","5","0.848823"
"8","ar-AE","ar-AE","1","0.554075"
"8","ar-AE","ar-AE","2","0.656729"
"8","ar-AE","ar-AE","2","0.695256"
"8","ar-AE","ar-AE","2","0.658082"
"8","ar-AE","ar-AE","2","0.501303"
"8","ar-AE","ar-AE","2","0.641573"
"8","ar-AE","ar-AE","2","0.669474"
"8","ar-AE","ar-AE","2","0.610929"
"8","ar-AE","ar-AE","1","0.533446"
"8","ar-AE","ar-AE","4","0.631674"
"8","ar-AE","ar-AE","4","0.615729"
"8","ar-AE","ar-AE","4","0.714208"
"8","ar-AE","ar-AE","5","0.853138"
"8","ar-AE","ar-AE","1","0.554075"
"8","ar-AE","ar-AE","1","0.585394"
"8","ar-AE","ar-AE","1","0.835289"
"8","ar-AE","ar-AE","1","0.811539"
"8","ar-AE","en-US","1","0.454313"
"8","ar-AE","en-US","2","0.566907"
"8","ar-AE","en-US","5","0.589492"
"8","ar-AE","en-US","2","0.517314"
"8","ar-AE","en-US","1","0.541633"
"8","ar-AE","en-US","1","0.652723"
"8","ar-AE","en-US","2","0.358112"
"8","ar-AE","en-US","4","0.525558"
"8","ar-AE","en-US","1","0.606378"
"8","ar-AE","en-US","2","0.580467"
"8","ar-AE","en-US","3","0.500842"
"8","ar-AE","en-US","2","0.671887"
"8","ar-AE","en-US","3","0.61285"
"8","ar-AE","en-US","2","0.443658"
"8","ar-AE","en-US","3","0.629249"
"8","ar-AE","en-US","3","0.791095"
"8","ar-AE","en-US","5","0.835117"
"8","ar-AE","en-US","2","0.559788"
"8","ar-AE","en-US","2","0.450312"
"8","ar-AE","en-US","1","0.592266"
"8","ar-AE","en-US","1","0.31966"
"8","ar-AE","en-US","1","0.646889"
"8","ar-AE","en-US","1","0.535255"
"8","ar-AE","en-US","1","0.573765"
"8","ar-AE","en-US","1","0.478369"
"8","ar-AE","en-US","1","0.528194"
"8","ar-AE","en-US","1","0.541633"
"8","ar-AE","en-US","1","0.503796"
"8","ar-AE","en-US","1","0.369248"
"8","ar-AE","en-US","5","0.651956"
"8","ar-AE","en-US","5","0.835117"
"8","ar-AE","en-US","4","0.68582"
"8","ar-AE","en-US","2","0.580428"
"8","ar-AE","en-US","4","0.629792"
"8","ar-AE","en-US","2","0.540682"
"8","ar-AE","en-US","2","0.73035"
"8","ar-AE","en-US","2","0.791095"
"8","ar-AE","en-US","5","0.835117"
"8","ar-AE","en-US","1","0.522161"
"8","ar-AE","en-US","1","0.530206"
"8","ar-AE","en-US","1","0.415586"
"8","ar-AE","en-US","4","0.743904"
"8","ar-AE","en-US","4","0.609401"
"8","ar-AE","en-US","2","0.51618"
"8","ar-AE","en-US","3","0.629255"
"8","ar-AE","en-US","1","0.61652"
"8","ar-AE","en-US","3","0.710871"
"8","ar-AE","en-US","1","0.541633"
"8","ar-AE","en-US","1","0.532741"
"8","ar-AE","en-US","2","0.721727"
"8","ar-AE","en-US","1","0.708271"
"8","ar-AE","en-US","2","0.673216"
"8","ar-AE","en-US","1","0.492038"
"8","ar-AE","en-US","1","0.835117"
"8","ar-AE","en-US","4","0.596998"
"8","ar-AE","en-US","3","0.480664"
"8","ar-AE","en-US","4","0.501004"
"8","ar-AE","en-US","3","0.664538"
"8","ar-AE","en-US","2","0.632795"
"8","ar-AE","en-US","1","0.570977"
"8","ar-AE","en-US","1","0.674164"
"8","ar-AE","en-US","1","0.486613"
"8","ar-AE","en-US","1","0.530206"
"8","ar-AE","en-US","2","0.605442"
"8","ar-AE","en-US","3","0.662524"
"8","ar-AE","en-US","3","0.583141"
"8","ar-AE","en-US","3","0.725612"
"8","ar-AE","en-US","1","0.68108"
"8","ar-AE","en-US","3","0.709472"
"8","ar-AE","en-US","1","0.362212"
"8","ar-AE","en-US","1","0.530206"
"8","ar-AE","en-US","2","0.383551"
"8","ar-AE","en-US","2","0.619169"
"8","ar-AE","en-US","2","0.595744"
